term,coefficient,std_error,p_value,rate_ratio,rate_ratio_low,rate_ratio_high
Intercept,5.037829290668306,0.025555696051454885,0.0,154.13506918935516,146.60487560932495,162.05204264363616
C(hour)[T.1],-0.17127393273098607,0.025809997366166626,3.224122938638311e-11,0.8425907286756811,0.8010270213128938,0.8863110945827806
C(hour)[T.2],-0.7400693203481854,0.03995346384051373,1.3401021188115837e-76,0.4770808429646002,0.44114720081543407,0.5159414596830656
C(hour)[T.3],-1.1656966715980324,0.04936403773949311,2.7489157371379388e-123,0.31170543005168777,0.28296037531443063,0.3433706045086397
C(hour)[T.4],-1.175755378462875,0.050224531054025086,3.3817467749550357e-121,0.3085857925651897,0.27965637811889904,0.3405078475721381
C(hour)[T.5],-0.14727060780753942,0.03709859753410219,7.196069655749897e-05,0.8630603949318763,0.8025328238253897,0.928152996595727
C(hour)[T.6],0.41811458192643763,0.032628012742837005,1.3585584036484982e-37,1.519094725230568,1.4249900796729489,1.6194139293608039
C(hour)[T.7],-0.0007618389501938272,0.03144454143927462,0.9806707286866928,0.9992384511754182,0.9395145176861867,1.0627589712679208
C(hour)[T.8],-0.11278765162654403,0.028281958308105794,6.664058825597288e-05,0.8933403393442674,0.8451684931519665,0.9442578235772393
C(hour)[T.9],-0.1309641473040234,0.028493204376264594,4.29999141809094e-06,0.8772492255770156,0.8296015101896002,0.9276335618043826
C(hour)[T.10],0.04051670248042316,0.027154158355636657,0.13567309794698296,1.0413487026635841,0.9873758911758823,1.0982718235581908
C(hour)[T.11],0.08821486883361968,0.029782105616868178,0.0030563871799135327,1.0922227814518997,1.0302927801691,1.1578753411498501
C(hour)[T.12],0.13369211790344743,0.029016472140821228,4.076254751489971e-06,1.143040843652485,1.0798486339341848,1.2099310303312536
C(hour)[T.13],0.2234341891769575,0.030176527270143142,1.319056965092655e-13,1.2503633501275293,1.1785552012368734,1.3265466952259581
C(hour)[T.14],0.18159509910128882,0.029250359797888464,5.355977788093992e-10,1.1991285673366063,1.1323164015122924,1.269882975361222
C(hour)[T.15],0.14058912561240172,0.026244488498644733,8.466149700490651e-08,1.1509516542647946,1.0932455855217036,1.21170369036772
C(hour)[T.16],0.17176705405978632,0.02602956848694724,4.141622103249663e-11,1.1874012007058377,1.128342833484285,1.2495507301481006
C(hour)[T.17],0.12921793735238307,0.026199954335743573,8.139569397443496e-07,1.1379380963594448,1.0809788469834778,1.197898658941981
C(hour)[T.18],0.07060788892186903,0.025450370137951227,0.00553144431498555,1.0731603452977807,1.020942356861389,1.1280491195018683
C(hour)[T.19],0.1987710468306575,0.02563899988873581,8.997079263132655e-15,1.2199026333498617,1.160115455129029,1.2827709761770327
C(hour)[T.20],0.09055926083708699,0.027363596049055305,0.0009346960240131063,1.0947863836768517,1.0376178926047668,1.1551046241844003
C(hour)[T.21],0.07086053521607094,0.0260151160922255,0.006453135325384262,1.073431509534982,1.0200706041154968,1.1295837768618682
C(hour)[T.22],0.12598315152813716,0.023715049531024046,1.0820776892979519e-07,1.134263057522822,1.082748275660441,1.1882287994190208
C(hour)[T.23],0.08994173112567583,0.020669415949411917,1.3524610149527358e-05,1.0941105292588524,1.0506724841776953,1.1393444372648383
airport[T.LGA],-0.3222558471366865,0.03468291764251691,1.521489072095155e-20,0.7245128020894817,0.6768990597004424,0.7754757417211541
C(day_of_week)[T.2],-0.05039522662922565,0.006989567917068723,5.592590190496912e-13,0.9508535475848243,0.9379163359714968,0.9639692094904742
C(day_of_week)[T.3],-0.05895365249521953,0.00732431846257747,8.345340070345488e-16,0.9427504622761156,0.9293135785900071,0.9563816289764332
C(day_of_week)[T.4],-0.046530681319260435,0.007325085121272811,2.1220517570514764e-10,0.9545352737192146,0.9409290089857917,0.9683382912769507
C(day_of_week)[T.5],-0.058936345079299665,0.007249911052025961,4.319518510299629e-16,0.9427667789916745,0.9294652022053581,0.956258714647352
C(day_of_week)[T.6],-0.07289797941553355,0.00870604724974186,5.604673425634451e-17,0.9296956732836925,0.9139663554157518,0.9456956919702406
C(day_of_week)[T.7],0.03930414087066885,0.007412157184460696,1.1412808304761752e-07,1.0400867684454793,1.0250860699432531,1.0553069811545148
C(month)[T.2],0.022844832738766224,0.010528356490567362,0.030019086355450756,1.023107774398659,1.0022120762393718,1.0444391390320544
C(month)[T.3],0.06993480824717889,0.010148769133601946,5.541535143578562e-12,1.0724382648449768,1.051316918347758,1.0939839470206862
C(month)[T.4],0.0700468418667371,0.01122230703494534,4.3270044677848886e-10,1.0725584207161631,1.0492247144533038,1.0964110452245244
C(month)[T.5],0.08504332096805516,0.012130499646504927,2.371249169952549e-12,1.0887642319972821,1.063183786461345,1.1149601489146959
C(month)[T.6],0.0888613757647411,0.013377630633148016,3.0833402887915403e-11,1.0929291393584752,1.0646453100940205,1.121964369103706
C(month)[T.7],0.0893825155151558,0.015458181587601408,7.372379580279339e-09,1.093498856615642,1.0608654490164235,1.127136104327218
C(month)[T.8],0.08561429016823441,0.014538560091940558,3.890717958560257e-09,1.0893860603455334,1.0587820478065968,1.1208746794807225
C(month)[T.9],0.09270738076465893,0.014207959578900083,6.798734135367786e-11,1.0971406438353477,1.0670099438211647,1.1281221879195433
C(month)[T.10],0.09605607761056184,0.012038133868724373,1.4714607960992306e-15,1.100820793662902,1.0751517009504985,1.1271027322835578
C(month)[T.11],0.11794657342926705,0.010902960635307357,2.8335171785547945e-27,1.1251839950391533,1.1013945650592467,1.1494872617463539
C(month)[T.12],0.104327536071952,0.01105652372681985,3.878914369013313e-21,1.1099639486154214,1.0861693491225564,1.1342798139362011
is_holiday[T.True],0.018958411342710257,0.01124616822737716,0.09184082213103377,1.019139263102492,0.9969210762902636,1.0418526223380582
is_holiday_adjacent[T.True],-0.0040556305472461696,0.01655290829951199,0.8064485721999799,0.9959525824156559,0.9641593138909882,1.0287942377669803
is_precip[T.True],0.0024402306212189823,0.008222876339865662,0.7666488322884306,1.0024432104072567,0.9864167849991894,1.0187300189670165
is_freezing[T.True],0.28402704738593126,0.0977884970810651,0.0036783590629870006,1.3284688618768759,1.096765194414557,1.609122468477395
C(hour)[T.1]:airport[T.LGA],-0.8206362460958037,0.04924427379870452,2.370595072108811e-62,0.44015152071181796,0.39965514181967915,0.48475132911548197
C(hour)[T.2]:airport[T.LGA],-1.377556524857911,0.08553229794529413,2.3269445512264296e-58,0.252194030646303,0.21326990659351855,0.29822223917812396
C(hour)[T.3]:airport[T.LGA],-2.378818817849781,0.16503887929350622,4.2443151692909653e-47,0.0926599611887976,0.06705185006513671,0.1280481955258332
C(hour)[T.4]:airport[T.LGA],-2.463924137964766,0.17360471604876157,1.0163021891477851e-45,0.0851003493734946,0.06055621759419858,0.11959250017928216
C(hour)[T.5]:airport[T.LGA],-3.081927611773054,0.14009639518915162,2.968621420105241e-107,0.045870750375119645,0.03485664447455185,0.060365126124309526
C(hour)[T.6]:airport[T.LGA],-2.7476107143128123,0.0888393370017421,5.043338238407309e-210,0.06408078574796025,0.05384032187796546,0.07626899243625321
C(hour)[T.7]:airport[T.LGA],-0.45526342005332543,0.04460973704913666,1.874078093471661e-24,0.6342808636409581,0.5811787570961451,0.6922348917074489
C(hour)[T.8]:airport[T.LGA],0.13010853802394,0.035598869284317165,0.0002573320881008347,1.1389519962151828,1.062193422166471,1.221257468377775
C(hour)[T.9]:airport[T.LGA],0.4188642299099293,0.03569905935632904,8.613862324185522e-32,1.5202339384791768,1.417500854284694,1.6304125819170339
C(hour)[T.10]:airport[T.LGA],0.18226150575322475,0.03624963277064285,4.957393506291494e-07,1.1999279409147574,1.1176335308604017,1.288281913195186
C(hour)[T.11]:airport[T.LGA],0.024802131013450857,0.03456740777338053,0.4730653520597613,1.025112262530952,0.957960490739223,1.0969712852984372
C(hour)[T.12]:airport[T.LGA],0.0685550101360623,0.0335868942743017,0.041238520725570924,1.070959536960431,1.0027296256685205,1.1438320963558104
C(hour)[T.13]:airport[T.LGA],-0.09639968239798735,0.033985886238507915,0.0045616374628768145,0.9081009915443674,0.8495820167804665,0.9706507371341332
C(hour)[T.14]:airport[T.LGA],0.08082676374200197,0.030232002982316156,0.007505314496552093,1.0841830604808371,1.0218075090330603,1.1503662854718397
C(hour)[T.15]:airport[T.LGA],-0.02227038146741933,0.032706646770995135,0.49592653218411675,0.9779757727754286,0.9172509030817779,1.0427208181777337
C(hour)[T.16]:airport[T.LGA],-0.049301449758965665,0.030844288051938847,0.10995441918114496,0.9518941381854001,0.8960535129916948,1.0112146620423148
C(hour)[T.17]:airport[T.LGA],-0.01505453365337489,0.030334524243768816,0.6196941782406078,0.985058219314808,0.9281990193718304,1.0454004746701295
C(hour)[T.18]:airport[T.LGA],0.07342837387519413,0.030541173614180163,0.016206038857960584,1.0761914504880847,1.0136612471312747,1.1425789842330394
C(hour)[T.19]:airport[T.LGA],-0.04729827694651706,0.029862036978548858,0.11321802785443873,0.953802857752654,0.8995804473772525,1.0112935359027613
C(hour)[T.20]:airport[T.LGA],0.059043204178000686,0.02959890026545565,0.046067211730500573,1.060821071652515,1.001030956746645,1.1241823626707355
C(hour)[T.21]:airport[T.LGA],0.053313241775874376,0.030001767496928535,0.07556768630692544,1.0547599882698642,0.9945258958217694,1.1186421967783733
C(hour)[T.22]:airport[T.LGA],0.11857528003920581,0.02785185747713491,2.068585666744682e-05,1.1258916280777074,1.0660781585076509,1.189060997131734
C(hour)[T.23]:airport[T.LGA],0.33829099967457543,0.029357073799847092,1.0065465678470607e-30,1.4025485852084767,1.3241254348438702,1.4856164545334398
sched_arrivals,0.17680662501029132,0.012941404699452992,1.710062448518897e-42,1.1934002970426039,1.163510743959624,1.2240576860808066
sched_arrivals_prev_hr,-0.08590145866951526,0.02794302275729959,0.002110927461683365,0.9176846566317876,0.868777023071577,0.9693455359120599
sched_arrivals_next_hr,0.011564437450110432,0.007902374235357253,0.1433543944938012,1.0116315640678428,0.9960837571156924,1.027422055733296
sched_distance_mi,-0.04370355206264609,0.010931930373312701,6.393687873059781e-05,0.9572376865532547,0.9369458943733835,0.9779689457635529
share_longhaul,0.021688626687866752,0.006648421607315406,0.001105425692565092,1.0219255345872915,1.0086955483189934,1.0353290445089367
actual_arrivals_lag_1h,0.14004710531107856,0.0060273873644253895,2.0113052446908837e-119,1.1503279841385452,1.1368185815516283,1.1639979259365703
mean_arr_delay_min_lag_1h,-0.014459431940541032,0.003068298500759724,2.4466662141686644e-06,0.9856446036102071,0.979734966249909,0.9915898871553749
share_delayed_15_lag_1h,0.053167622599376005,0.0032840564242036267,5.9696965055210395e-59,1.0546064061714895,1.047840091997352,1.0614164130883013
share_cancelled_lag_1h,0.01752800684028699,0.004730729635088284,0.00021127554956365397,1.0176825238235467,1.0082901214488351,1.027162418102118
n_delay_observed_lag_1h,0.13021504718461074,0.02796142062176641,3.2092224911513102e-06,1.1390733114968237,1.0783279745956957,1.2032406091020824
ewr_sched_arrivals,0.009453165485800517,0.009359968213639517,0.31251588836978195,1.0094979877808439,0.9911473821151833,1.02818834587321
ewr_sched_distance_mi,-0.00974245959217792,0.008559119576085397,0.25501407026992917,0.990304844423483,0.9738304897004052,1.0070578968936659
ewr_mean_arr_delay_min_lag_1h,0.0018600367712695662,0.002789786894038415,0.5049441189398491,1.0018617677127033,0.9963986553875287,1.0073548335069198
ewr_share_cancelled_lag_1h,0.006546870057744481,0.003122488221288327,0.03602158718739744,1.0065683476562877,1.0004269967390338,1.0127473986668134
ewr_n_delay_observed_lag_1h,-0.013049711453833275,0.005518990525296154,0.01805391197342245,0.9870350668525151,0.9764158240072908,0.9977698018024689
temp_c,0.006208229761996975,0.004651389371916534,0.18197311988501585,1.0062275407620778,0.9970958991977299,1.0154428120733003
rhum_pct,0.0009237656464053893,0.0025479903986767977,0.7169434923000624,1.000924192449302,0.9959380682846158,1.0059352794454908
prcp_mm,-0.0006682935638297662,0.002337738206892002,0.7749762690072973,0.9993319296945772,0.9947635818327392,1.003921257216877
wspd_kmh,-0.008378908685063913,0.0021486361901265024,9.633562551435157e-05,0.9916560965335743,0.9874887662375009,0.9958410135024184
pres_hpa,-0.012592708563451061,0.002252681721473855,2.2694324841617603e-08,0.9874862478186256,0.9831359339478417,0.9918558115511232
mean_fare_lag_1h,0.06114827272016421,0.012697668747712892,1.4667843574552048e-06,1.0630565247848487,1.036926759317627,1.0898447404629812
share_flat_fare_lag_1h,0.02598837778231211,0.011643294945189935,0.025611878157889217,1.0263290201848336,1.003172962250226,1.0500195851678253
mean_distance_mi_lag_1h,-0.0736265933070348,0.017844936196316098,3.69272333711619e-05,0.9290185308189293,0.8970873643087005,0.9620862637721483
mean_tip_ratio_lag_1h,-0.0010820769378589372,0.0015981173514548195,0.49834581218245544,0.9989185082962823,0.9957945384346392,1.0020522785608397
share_flex_fare_lag_1h,-0.16277743889598442,0.007263896678756002,3.2080512667438133e-111,0.8497802954105961,0.837767708203973,0.8619651287541658
pickups_lag_1h,0.23598196240902758,0.0046755413625147145,0.0,1.26615147163855,1.2546015971692526,1.2778076743642097
pickups_lag_24h,0.062061120126681246,0.004562183854979729,3.823473254332875e-42,1.064027376228674,1.0545555558381081,1.0735842707350745
pickups_lag_168h,0.01947510872045574,0.004519985562532219,1.6424208031079278e-05,1.0196659857536825,1.0106726505336996,1.0287393469626305
pickups_same_hour_7d,0.058859299889146066,0.008464263963955805,3.5542634280141155e-12,1.0606260000455332,1.0431757304157285,1.0783681782208248
